Name	Type	Release	Version	Link
NetBattlers	Full Res	Beta	7	https://www.merrymancergames.com/wp-content/uploads/2020/11/NetBattlers-Beta-7-Full-Res.pdf
NetBattlers	Mobile	Beta	7	https://www.merrymancergames.com/wp-content/uploads/2020/11/NetBattlers-Beta-7-Mobile.pdf
NetBattlers	Full Res	Beta	6	https://www.merrymancergames.com/wp-content/uploads/2020/04/NetBattlers-Beta-6-Full-Res.pdf
NetBattlers	Mobile	Beta	6	https://www.merrymancergames.com/wp-content/uploads/2020/04/NetBattlers-Beta-6-Mobile.pdf
NetBattlers	Full Res	Beta	5	http://www.merrymancergames.com/wp-content/uploads/2019/09/NetBattlers-Beta-5-Full-Res.pdf
NetBattlers	Mobile	Beta	5	http://www.merrymancergames.com/wp-content/uploads/2019/09/NetBattlers-Beta-5-Mobile.pdf
NetBattlers	Full Res	Beta	4	http://www.merrymancergames.com/wp-content/uploads/2019/06/NetBattlers-Beta-4-Full-Res.pdf
NetBattlers	Mobile	Beta	4	http://www.merrymancergames.com/wp-content/uploads/2019/06/NetBattlers-Beta-4-Mobile.pdf
NetBattlers	Full Res	Beta	3	https://drive.google.com/open?id=1s_Q1zuALa6WMWSvIvFkeqbOVLPvfephD
NetBattlers	Mobile	Beta	3	https://drive.google.com/open?id=1zgrLwIVpli1QPsGOeUXIn13GnebRg0hR
NetBattlers	Full Res	Beta	2.1	https://drive.google.com/open?id=1S6h092vbdwkIjkyfcpL_l_pwE0glOzPC
NetBattlers	Mobile	Beta	2.1	https://drive.google.com/open?id=149TOK3yCoRi6o0usA-z945WZujAGySD2
NetBattlers	Bonus BattleChips	Beta	2.1	https://drive.google.com/open?id=1xw6JA01imIwYIerKVFr-F-uaDfN50CLW
NetBattlers	Full Res	Beta	2	https://drive.google.com/open?id=1PvxHd15pKSI3PS5OHlFfMdfvHqXNhcIw
NetBattlers	Mobile	Beta	2	https://drive.google.com/open?id=1HAJ9IxWBMWbRZNMK8KVUHbJnfc65WrSI
NetBattlers	Full Res	Beta	1	https://drive.google.com/file/d/1zkllTPQnEgDJu6Q5MGmOSYMEIDqKPoiH/view?usp=sharing
NetBattlers	Full Res	Pre-Alpha	1	https://drive.google.com/file/d/1RTVs8k6dPY9ayeIcCFe8Y9RfMId8QQaV/view?usp=sharing
NetBattlers	Full Res	Alpha	1	https://drive.google.com/file/d/1xhCuHxGhrngQ_ojsoEjo2iPUBiBZTplG/view?usp=sharing
NetBattlers Advance	Full Res	Version	6	https://www.merrymancergames.com/wp-content/uploads/2020/11/NetBattlers-Advance-6-Full-Res.pdf
NetBattlers Advance	Mobile	Version	6	https://www.merrymancergames.com/wp-content/uploads/2020/11/NetBattlers-Advance-6-Mobile.pdf
NetBattlers Advance	Full Res	Version	5	https://www.merrymancergames.com/wp-content/uploads/2020/04/NetBattlers-Advance-5.pdf
NetBattlers Advance	Full Res	Version	4	https://www.merrymancergames.com/wp-content/uploads/2019/10/NetBattlers-Advance-4.pdf
NetBattlers Advance	Full Res	Version	3.1	http://www.merrymancergames.com/wp-content/uploads/2019/06/NetBattlers-Advance-v3.1.pdf
NetBattlers Advance	Full Res	Version	2	https://drive.google.com/file/d/1E--RQeBFuz1qM2bCdt125L3ymGa_wVAI/view?usp=sharing
NetBattlers Advance	Full Res	Version	1	https://drive.google.com/file/d/1aUPfx_aql8Bfa0Qyb0wxpQwT-f4rzTNo
Player-Made Repository	Site	Version	0	https://www.notion.so/dc469d3ae5f147cab389b6f61bce102e?v=085a409506684722a8ec91ae6f56640c
Nyx	Full Res	Version	0	https://drive.google.com/file/d/1NdB817c9_05e5pH6M4zfigNenzwDdlsf/view?usp=sharing
Grid-Based Combat	Full Res	Version	0	https://i.imgur.com/PG60P3P.png